{"cameraMode":{"drawMode":0,"name":"Shaded","section":"Shading Mode"},"sceneLighting":true,"audioPlay":false,"sceneViewState":{"showFog":false,"showMaterialUpdate":false,"showSkybox":false,"showFlares":false,"showImageEffects":false,"showParticleSystems":false},"in2DMode":false,"pivot":{"x":8.49814224243164,"y":2.624953269958496,"z":2.6993284225463869},"rotation":{"x":0.25849395990371706,"y":-0.5272513031959534,"z":0.17232924699783326,"w":0.7908822894096375},"size":24.958017349243165,"orthographic":false}